JUGADOR,PTS,REB,AST,STL,BLK,FG_PCT,FG3_PCT,FT_PCT,TOV,MIN,PER,eficiente
Nikola Jokic,24.5,12.4,9.8,1.3,0.7,0.632,0.38,0.82,3.6,33.5,31.6,1
Joel Embiid,33.1,9.6,4.2,1.0,1.7,0.53,0.33,0.857,3.4,34.6,31.4,1
Luka Doncic,32.4,8.6,8.0,1.4,0.5,0.496,0.356,0.74,4.0,36.2,27.6,1
Giannis Antetokounmpo,31.1,11.8,5.7,1.1,0.8,0.553,0.275,0.64,3.4,32.1,27.2,1
Stephen Curry,29.4,4.7,6.3,1.4,0.4,0.49,0.427,0.924,3.2,32.7,23.7,1
Jayson Tatum,30.1,8.8,4.6,1.1,0.6,0.466,0.351,0.85,2.8,36.9,23.6,1
Devin Booker,27.8,4.5,4.8,1.0,0.3,0.494,0.354,0.856,2.8,34.5,22.5,1
LeBron James,28.9,8.3,6.8,1.3,0.6,0.5,0.324,0.702,3.5,35.5,22.4,1
Kevin Durant,29.9,6.7,5.0,1.0,1.1,0.523,0.405,0.902,2.9,35.6,22.0,1
Damian Lillard,32.2,4.8,7.3,0.9,0.3,0.462,0.371,0.91,3.3,35.8,21.8,1
Anthony Davis,25.9,12.5,2.6,1.1,2.3,0.56,0.254,0.78,2.3,34.0,21.7,1
Ja Morant,26.2,5.9,8.1,1.6,0.5,0.479,0.302,0.74,3.4,30.3,21.0,1
Trae Young,26.2,2.8,10.2,1.0,0.2,0.428,0.334,0.856,4.3,34.0,20.5,1
Donovan Mitchell,28.1,4.4,4.5,1.5,0.5,0.497,0.363,0.88,2.9,35.0,20.3,1
Zion Williamson,26.0,7.0,3.9,1.1,0.7,0.601,0.29,0.71,2.7,29.5,20.1,1
Bam Adebayo,20.4,9.8,3.0,1.2,0.9,0.572,0.171,0.756,1.9,34.2,19.8,1
Domantas Sabonis,19.1,12.3,6.2,1.5,0.4,0.577,0.271,0.78,3.6,33.0,19.4,1
Julius Randle,24.0,9.4,3.8,0.8,0.5,0.455,0.369,0.767,2.8,33.9,19.0,1
Pascal Siakam,24.2,7.7,4.2,1.2,0.6,0.528,0.363,0.78,2.5,34.1,18.7,1
Karl-Anthony Towns,22.4,7.7,3.0,0.9,0.8,0.494,0.393,0.82,2.6,30.6,18.2,1
De'Aaron Fox,25.2,4.5,5.8,1.5,0.2,0.511,0.298,0.704,2.8,33.8,17.9,1
Tyrese Haliburton,20.7,3.7,10.4,1.6,0.3,0.472,0.4,0.861,3.2,31.6,17.6,1
Jaren Jackson Jr.,18.6,6.8,1.6,1.1,3.0,0.428,0.362,0.793,1.4,30.1,17.3,1
Evan Mobley,15.1,8.3,1.5,0.9,1.7,0.498,0.282,0.631,1.3,30.0,16.8,1
Chris Paul,9.4,3.5,4.3,1.2,0.2,0.441,0.34,0.875,1.7,26.8,12.8,0
Kyle Lowry,7.2,3.0,4.1,0.9,0.2,0.387,0.324,0.854,1.5,23.1,11.2,0
Nicolas Batum,5.1,3.7,1.8,0.6,0.4,0.392,0.368,0.806,1.0,20.5,10.5,0
Thaddeus Young,6.3,3.4,1.8,0.7,0.3,0.424,0.333,0.778,1.1,19.0,10.0,0
Jordan Nwora,6.1,2.8,1.1,0.5,0.3,0.413,0.34,0.75,0.9,15.6,9.8,0
Facundo Campazzo,5.2,1.9,3.1,0.5,0.2,0.361,0.312,0.776,1.2,14.3,9.3,0
Josh Okogie,5.3,2.8,0.9,0.5,0.4,0.421,0.303,0.724,0.8,16.2,9.1,0
Damion Lee,5.8,2.1,1.2,0.6,0.2,0.401,0.352,0.765,0.9,17.0,8.9,0
Svi Mykhailiuk,4.9,2.4,0.9,0.4,0.2,0.39,0.338,0.7,0.7,14.3,8.5,0
Xavier Tillman,4.2,3.8,0.8,0.4,0.7,0.491,0.195,0.643,0.8,17.2,8.3,0
Killian Tillie,3.1,2.4,0.6,0.3,0.5,0.442,0.32,0.667,0.6,12.4,7.8,0
Ish Smith,6.2,1.8,3.5,0.7,0.1,0.388,0.285,0.769,1.2,18.0,7.5,0
Stanley Johnson,5.0,3.1,0.9,0.5,0.3,0.396,0.29,0.652,0.8,15.5,7.2,0
Bismack Biyombo,3.5,4.2,0.7,0.4,0.9,0.557,0.0,0.421,0.7,12.1,7.0,0
Trevelin Queen,5.5,2.3,1.0,0.5,0.2,0.427,0.357,0.791,0.8,14.2,7.3,0
Nate Hinton,4.8,2.7,1.1,0.5,0.3,0.424,0.357,0.677,0.7,13.0,7.1,0
Bones Hyland,8.2,2.9,2.8,0.8,0.2,0.405,0.36,0.748,1.4,21.0,10.5,0
Pat Connaughton,8.4,4.0,1.5,0.7,0.4,0.444,0.368,0.82,1.0,22.3,10.2,0
Udonis Haslem,2.1,2.0,0.4,0.1,0.2,0.375,0.286,0.5,0.3,8.0,4.0,0
Georges Niang,7.1,3.1,1.5,0.5,0.2,0.411,0.378,0.833,0.8,19.5,9.3,0
RJ Hampton,6.0,2.8,1.8,0.5,0.2,0.381,0.318,0.689,0.9,16.3,8.8,0
Cody Martin,7.3,3.8,1.5,0.7,0.3,0.416,0.291,0.706,1.0,20.0,9.5,0
Kira Lewis Jr.,6.8,2.2,1.9,0.7,0.2,0.382,0.307,0.744,1.0,17.8,8.7,0
Malcolm Hill,5.4,2.5,0.8,0.5,0.2,0.391,0.321,0.667,0.6,14.0,8.2,0
Jarred Vanderbilt,7.7,5.2,1.8,0.8,0.6,0.468,0.278,0.694,1.1,21.5,11.2,0
Danuel House Jr.,6.1,3.1,1.3,0.5,0.3,0.399,0.324,0.652,0.8,18.3,9.0,0
